{
    "train_loss": [
        2.285656483597547,
        0.2846632055547384,
        0.23779587106372613,
        0.2144225031611918,
        0.19498622894570897
    ],
    "val_loss": [
        0.6452056568307679,
        0.5708496316500499,
        0.5100368500372261,
        0.45742246025152766,
        0.4204815251769757
    ],
    "train_accuracy": [
        0.8067251897039132,
        0.8811188811188811,
        0.8988245796756436,
        0.9142984674899568,
        0.9223329861627734
    ],
    "val_accuracy": [
        0.7821067821067821,
        0.796055796055796,
        0.822029822029822,
        0.8263588263588264,
        0.8417508417508418
    ],
    "learning_rate": [
        0.0005,
        0.0005,
        0.0005,
        0.0005,
        0.0005
    ],
    "train_probs_history": [
        [
            